so_number,kit_part_number,qty_ordered,qty_shipped,invoice_numbers
10744,RV1014J-C1S,1,1,10744
10745,RV8J-C1P,1,1,10745
10745,SK4P3-T26,1,1,10745
10749,PA-SEMINOLE,2,2,10749
10756,C182-C5P,1,1,10756
10764,C340-C1P,1,1,10764
10774,C210-C2P,2,2,10774
10780,RV-OD1,3,3,10780
10784,M20-BAT1S,1,1,"10784, 10784, 02, 10784, 03"
10784,RV679J-C1P,1,1,"10784, 10784, 02, 10784, 03"
10784,SK203C150P4,1,1,"10784, 10784, 02, 10784, 03"
10784,SK203C172P-FW4,1,1,"10784, 10784, 02, 10784, 03"
10791,RV8J-C1P,1,1,10791
10796,BE-KINGAIR 300,1,1,10796
10796,KA90-NP1,1,1,10796
10807,RV679J-C1P,1,1,10807
10814,RV1014J-C1P-UF,1,1,10814
10816,C210-C1P,1,1,10816
10817,RV1014J-C1P,1,1,10817
10820,SK4P3-T26,1,1,10820
10839,M20-BAT1P,1,1,10839
10844,C172C2800P,1,1,10844
10845,B55-RAD,4,4,10845
10848,C152-C1P,1,1,10848
10856,PA30-C2P,1,1,10856
10857,SK203C150P4,1,1,10857
10857,SK203C172P-FW4,2,2,10857
10857,SK203C177P4,1,1,10857
10859,RV-OD1,4,4,10859
10888,SK2600FW-SET1,4,4,10888
10993,SK203C177P4,1,0,
10994,SK26S51-SET1,10,10,10994
11023,PA34-C2P,1,1,11023
11028,C172-C1P,3,3,"11028, 11028, 02"
11028,RV-OD1,6,6,"11028, 11028, 02"
11028,RV1014J-C1P,1,1,"11028, 11028, 02"
11028,RV679J-C1P-UF,1,1,"11028, 11028, 02"
11029,C210-C1P,1,1,11029
11030,C150-C1,1,1,"11030, 11030, 02"
11030,C210-C1P,1,1,"11030, 11030, 02"
11030,RV1014J-C1P,1,1,"11030, 11030, 02"
11030,SK203C150P-SD2,1,1,"11030, 11030, 02"
11030,SK203C172P-FW4,2,2,"11030, 11030, 02"
11030,SK203C172P-SD4,1,1,"11030, 11030, 02"
11030,SK203C177P4,1,1,"11030, 11030, 02"
11033,KA90-AP1,1,1,"11033, 11033, 02"
11033,KA90-BP1,1,1,"11033, 11033, 02"
11033,KA90-NP1,1,1,"11033, 11033, 02"
11033,KA90-WP1,1,1,"11033, 11033, 02"
11036,SK2600SW-SET1,2,2,11036
11044,RV4J-C1P-U,1,1,11044
11047,SK28S3-SET1,1,1,11047
11053,C172-C2P,1,1,11053
11055,BE-BARON55,4,4,"11055, 11055, 02"
11055,BE-BARON58,2,2,"11055, 11055, 02"
11055,BE-BONANZA,6,6,"11055, 11055, 02"
11065,B55-AS1,1,1,11065
11065,B55-EPD,1,1,11065
11065,B55-RAD,1,1,11065
11078,RV8J-C1P-UF,1,1,11078
11087,RV-OD1,1,1,11087
11087,RV4J-C1P-F,1,1,11087
11097,RV-OD2,1,1,11097
11097,RV1014J-C1P-UF,1,1,11097
11100,C-182/182RG,1,1,11100
11100,C100-EPD1P,1,1,11100
11100,C182-C4P,1,1,11100
11103,RV8J-C1P,1,1,11103
11104,PA30-C2P,1,0,
11135,SK203C150P-FW4,1,1,11135
11155,SK203C172P4,1,1,11155
11155,SK4002-TS2,1,1,11155
11157,M20-C3P,1,1,11157
11157,SK4P3-T26,1,1,11157
11163,PA23-C4P,1,1,11163
11163,SK4P3-T26,1,1,11163
11169,SK2600FW-SET1,2,2,11169
11169,SK28S3-SET1,35,35,11169
11177,FBO BOLT1 KIT,1,1,11177
11177,FBO NUT KIT,1,1,11177
11177,FBO PLUS HARDWARE KIT SYSTEM,1,1,11177
11177,FBO RIVET KIT,1,1,11177
11177,FBO SCREW KIT,1,1,11177
11177,FBO WASHER KIT,1,1,11177
11180,RV-OD2,2,2,11180
11201,B55-EP,1,1,"11201, 11201, 02"
11201,B55-EPD,1,1,"11201, 11201, 02"
11201,B55-NC,1,1,"11201, 11201, 02"
11201,B55-NP1,1,1,"11201, 11201, 02"
11207,RV8J-C1P-F,1,1,11207
11219,SK203C150P4,1,1,11219
11219,SK203C172P4,1,1,11219
11219,SK4P3-T26,1,1,11219
11226,C208-C1P,2,2,11226
11227,B35UC40P,1,1,"11227, 11227, 02"
11228,SK203C172P4,3,3,"11228, 11228, 02, 11228, 03"
11229,C150C2800P,1,1,"11229, 11229, 02, 11229, 03, 11229, 04"
11229,RV1014J-C1P,1,1,"11229, 11229, 02, 11229, 03, 11229, 04"
11229,SK203C150P4,2,2,"11229, 11229, 02, 11229, 03, 11229, 04"
11229,SK203C150P4D,1,1,"11229, 11229, 02, 11229, 03, 11229, 04"
11232,SK26S51-SET1,34,34,11232
11236,M20-C2P,1,1,11236
11252,RV1014J-C1P,1,0,
11254,SK203C172P4,1,1,11254
11271,SKN4-4S SET,60,0,
11290,C152-C2P,1,1,"11290, 11290, 02, 11290, 03"
11290,M20-BAT1S,1,1,"11290, 11290, 02, 11290, 03"
11290,RV-OD2,10,10,"11290, 11290, 02, 11290, 03"
11290,SK203C150P-FW4,1,1,"11290, 11290, 02, 11290, 03"
11290,SK203C172P-SD4,2,2,"11290, 11290, 02, 11290, 03"
11290,SK203C172P4,10,10,"11290, 11290, 02, 11290, 03"
11292,C150-C1,1,1,"11292, 11292, 02, 11292, 03, 11292, 04, 11292, 05"
11292,C172-C1P,3,3,"11292, 11292, 02, 11292, 03, 11292, 04, 11292, 05"
11292,RV-OD2,3,3,"11292, 11292, 02, 11292, 03, 11292, 04, 11292, 05"
11292,SK203C172P4,8,8,"11292, 11292, 02, 11292, 03, 11292, 04, 11292, 05"
11292,SK4P3-T26,3,3,"11292, 11292, 02, 11292, 03, 11292, 04, 11292, 05"
11293,RV679J-C1P-UF,1,1,11293
11295,RV8J-C1P-F,1,1,11295
11299,SK203C182P4,1,1,11299
11301,RV4J-C1P-S,1,1,11301
11301,SK4002-TS2,1,1,11301
11302,PA34-C2P,1,1,11302
11314,PA30-C2P,1,1,11314
11320,SK4P3-T26,1,1,11320
11325,RV679J-C1P,1,1,11325
11328,SKN4-3S SET,4,4,11328
11356,SK2600-TS1,1,1,11356
11356,SK28S3-SET1,6,6,11356
11377,SK26S51-SET1,24,24,11377
11378,SK2600FW-SET1,3,3,11378
11379,KA90-NP1,1,1,11379
11380,B55-C1P,1,1,11380
11387,SK203C150P-FW4,1,1,11387
11387,SK203C172P-FW4,1,1,11387
11391,SK203C172P4,1,1,11391
11407,RV1014J-C1P-S,1,1,11407
11407,RV8J-C1P-F,1,1,11407
11415,RV-OD1,1,1,11415
11415,RV679J-C1P-F,1,1,11415
11429,SK26S51-SET1,2,2,11429
11429,ZG28S3-SET1,2,2,11429
11439,C414-C2P,1,1,11439
11450,C152-C1P,1,1,11450
11452,PA-FD1W,1,1,"11452, 11452, 02"
11452,PA-NAC1P,1,1,"11452, 11452, 02"
11452,PA-NP2P,1,1,"11452, 11452, 02"
11452,PA23-C4P,1,1,"11452, 11452, 02"
11458,SKN4-4S SET,2,2,11458
11485,SK203C150P4,1,1,11485
11502,SK203C172P4,1,1,11502
11509,SK2600-TS1,1,1,11509
11509,SK28S3-SET1,50,50,11509
11523,C177/177RG,1,1,11523
11537,RV8J-C1P,1,1,11537
11539,C152-C2,1,1,11539
11541,RV-OD2,4,4,11541
11543,B35UC530,1,1,11543
11543,RV-OD2,8,8,11543
11543,SK203C172P-SD4,1,1,11543
11543,SK203C177P4,1,1,11543
11567,RV679J-C1P-UF,1,1,11567
11567,SK4P3-T26,1,1,11567
11568,SK26S51-SET1,34,34,11568
11587,RV-OD1,1,1,11587
11587,RV1014J-C1P-F,1,1,11587
11587,SK4P3-T26,1,1,11587
11589,SK28S3-SET1,40,40,11589
11590,RV-OD2,1,1,11590
11599,B55-RAD,2,2,11599
11610,SK203C177P4,1,1,11610
11615,B55-AS2,1,1,"11615, 11615, 02"
11615,B55-C1P,1,1,"11615, 11615, 02"
11615,B55-EPD,1,1,"11615, 11615, 02"
11615,B55-NP1,1,1,"11615, 11615, 02"
11620,RV679-C1P-F,1,1,11620
11620,SK4002-TS2,1,1,11620
11633,B55-EPD,1,1,11633
11633,B55-NP1,1,1,11633
11660,RV8J-C1P-S,1,1,11660
11668,SK203C182P4,1,0,
11676,C180C2800P,1,1,11676
11676,SK2600-TS1,1,1,11676
11681,PA34-C3P,1,1,11681
11688,B35UC40P,1,1,11688
11689,B35UC530,1,1,"11689, 11689, 02"
11689,C150-C1,2,2,"11689, 11689, 02"
11689,C205-C1P,1,1,"11689, 11689, 02"
11689,M20-C5P,2,2,"11689, 11689, 02"
11689,SK203C150P-SD2,1,1,"11689, 11689, 02"
11690,C150-C1P,3,3,11690
11690,M20-C2P,1,1,11690
11705,PA-SEMINOLE,2,2,11705
11705,PA-T COMANCHE,1,1,11705
11746,B55-C1P,1,1,"11746, 11746, 02"
11746,B55-NP1,1,1,"11746, 11746, 02"
11746,BE-BARON55,1,1,"11746, 11746, 02"
11749,SK26S51-SET1,106,106,11749
11752,B35UC40P,1,1,11752
11764,SK203C172P4,1,1,11764
11765,SK203C182P4,1,1,11765
11769,B35UC40P,1,1,"11769, 11769, 02"
11769,C152-C2P,2,2,"11769, 11769, 02"
11769,CIT-400P,2,2,"11769, 11769, 02"
11769,RV1014J-C1P,1,1,"11769, 11769, 02"
11769,RV1014J-C1S,1,1,"11769, 11769, 02"
11769,SK203C172P4,3,3,"11769, 11769, 02"
11769,SK203C172PQ4,1,1,"11769, 11769, 02"
11770,RV-OD2,4,4,"11770, 11770, 02, 11770, 03"
11771,B35UC40P,2,2,"11771, 11771, 02, 11771, 03, 11771, 04"
11771,C172-C8P,1,1,"11771, 11771, 02, 11771, 03, 11771, 04"
11771,C182-C2P,2,2,"11771, 11771, 02, 11771, 03, 11771, 04"
11771,RV-OD1,6,6,"11771, 11771, 02, 11771, 03, 11771, 04"
11771,SK203C172P-RS4,1,1,"11771, 11771, 02, 11771, 03, 11771, 04"
11771,SK203C172P4,4,4,"11771, 11771, 02, 11771, 03, 11771, 04"
11780,RV1014J-C1P-F,1,1,11780
11807,RV8J-C1P-UF,1,1,11807
11807,SK4P3-T26,1,1,11807
11814,SK4P3-T26,1,1,11814
11823,PA28-C1,1,1,11823
11825,C100-EPD1P,1,1,11825
11826,SK203C172P4,1,1,11826
11827,B55-C1P,1,1,11827
11827,C421-C1P,1,1,11827
11830,SK28S3-SET1,100,100,11830
11833,SK203C182P4,1,1,11833
11864,SKN4-4S SET,11,11,11864
11865,SK203C150P4,1,1,11865
11868,SK2600FW-SET 2,4,4,11868
11868,SK28S3-SET2,10,10,11868
11876,B55-AS2,1,1,11876
11903,C100-EAD4,1,1,11903
11903,SK203C172P4,1,1,11903
11909,C400-BA2P,1,1,11909
11909,C400-NP6P,1,1,11909
11909,C400-OD1P,2,2,11909
11921,SK26S51-SET2,20,20,11921
11959,SK203C182P4,1,1,11959
11968,C182-C2P,1,1,11968
11973,C152-C2P,1,1,"11973, 11973, 02, 11973, 03, 11973, 04, 11973, 05"
11973,C172-C8P,1,1,"11973, 11973, 02, 11973, 03, 11973, 04, 11973, 05"
11973,C182-C2P,1,1,"11973, 11973, 02, 11973, 03, 11973, 04, 11973, 05"
11973,C182-C4P,2,2,"11973, 11973, 02, 11973, 03, 11973, 04, 11973, 05"
11973,RV-OD1,6,6,"11973, 11973, 02, 11973, 03, 11973, 04, 11973, 05"
11973,RV-OD2,10,10,"11973, 11973, 02, 11973, 03, 11973, 04, 11973, 05"
11975,KA90-NP1,2,2,11975
11976,B35LC2090,2,2,11976
11976,C172-C8P,2,2,11976
11976,RV-OD2,3,3,11976
11998,SK203C172P-FW4,1,1,11998
12023,SK28S3-SET1,10,10,12023
12028,C172-C1P,1,0,
12037,SK40S5-SET1,1,1,12037
12062,SK26S51-SET1,1,1,12062
12068,B35LC2090,6,6,"12068, 12068, 02"
12068,B35LC28P,4,4,"12068, 12068, 02"
12068,B35LC5100,4,4,"12068, 12068, 02"
12068,B35UC530,3,3,"12068, 12068, 02"
12068,B55-RAD,3,3,"12068, 12068, 02"
12068,BE-BARON55,2,2,"12068, 12068, 02"
12068,BE-BONANZA,6,6,"12068, 12068, 02"
12077,C152-C2P,1,1,12077
12077,SK203C172PQ4,1,1,12077
12079,SK203C172P4,1,1,12079
12093,B55-EPD,1,1,12093
12093,B55-NC,1,1,12093
12097,RV-OD2,1,1,12097
12123,SK203C172P4,3,3,"12123, 12123, 02"
12124,RV1014J-C1P-UF,2,2,"12124, 12124, 02"
12124,SK203C150P4,1,1,"12124, 12124, 02"
12124,SK203C177P4,1,1,"12124, 12124, 02"
12125,B35UC530,2,2,"12125, 12125, 02, 12125, 03, 12125, 04"
12125,RV679J-C1P,1,1,"12125, 12125, 02, 12125, 03, 12125, 04"
12125,SK203C150P-FW4,2,2,"12125, 12125, 02, 12125, 03, 12125, 04"
12125,SK203C150P4,1,1,"12125, 12125, 02, 12125, 03, 12125, 04"
12135,C182-C2P,1,1,12135
12140,C100-EPD1P,1,1,12140
12140,C182-C2P,1,1,12140
12159,SKN4-2S SET,4,4,12159
12159,SKN4-3S SET,8,8,12159
12160,RV1014J-C1P,1,1,12160
12184,B35UC530,1,1,12184
12195,RV-OD1,1,1,12195
12195,RV679J-C1P-S,1,1,12195
12196,C-172/172RG,1,1,12196
12196,PA-AZTEC,1,1,12196
12217,ZG28S3-SET1,51,51,12217
12225,B35LC28P,1,1,12225
12225,B35UC40P,1,1,12225
12241,SK203C172P4,1,1,12241
12250,C400-C1P,2,2,12250
12252,C303-C1P,1,1,12252
12252,C421-C1P,2,2,12252
12258,B35UC40S,1,1,12258
12258,SK4P3-T26,1,1,12258
12266,SK203C150P-FW4,1,1,12266
12269,SK203C182P4,1,1,12269
12281,SK26S51-SET1,18,18,12281
12297,M20-C6P,1,1,12297
12300,SK203C172P4,4,4,12300
12300,SK203C172PQ4,4,4,12300
12303,B55-RAD,4,4,12303
12303,C152-C2P,2,2,12303
12303,SK203C150P4,1,1,12303
12303,SK4P3-T26,3,3,12303
12309,C172-C1P,3,3,"12309, 12309, 02, 12309, 03"
12309,C172C2800P,1,1,"12309, 12309, 02, 12309, 03"
12309,SK203C172P-FW4,3,3,"12309, 12309, 02, 12309, 03"
12309,SK203C172PXP-FW4,1,1,"12309, 12309, 02, 12309, 03"
12322,RV1014J-C1P-S,1,1,12322
12326,PA23-C2P,1,1,12326
12328,RV8-C1P,1,1,12328
12328,SK4P3-T26,1,1,12328
12333,SK26S51-SET1,102,102,12333
12362,RV679J-C1P-F,1,1,12362
12362,SK4P3-T26,1,1,12362
12363,C100-EAD4,1,1,12363
12372,PA34-C3P,1,1,12372
12379,SKN4-4S SET,5,5,12379
12389,KA90-NP1,1,1,12389
12420,B35UC40P,1,1,12420
12420,SK4P3-T26,1,1,12420
12433,C-182/182RG,1,1,12433
12433,C100-EPD1S,1,1,12433
12448,SK203C150P4D,1,0,
12450,SK203C182P4,1,1,12450
12454,B55-AFP,1,1,12454
12454,B55-C1P,1,1,12454
12454,B55-EP,1,1,12454
12454,B55-EPD,1,1,12454
12454,B55-FG,1,1,12454
12454,B55-NC,1,1,12454
12454,B55-NP1,1,1,12454
12454,B55-RAD,1,1,12454
12461,RV8J-C1P-U,1,1,12461
12464,SK203C172P-RET,1,1,12464
12482,BE-BARON55,1,1,12482
12482,PA-140-235,1,1,12482
12489,C152-C2P,1,1,12489
12489,C182-C4P,2,2,12489
12490,RV-OD1,3,3,"12490, 12490, 02, 12490, 03, 12490, 04"
12491,C150-C1P,2,2,"12491, 12491, 02"
12491,SK203C172P4,4,4,"12491, 12491, 02"
12491,SK203C177P4,1,1,"12491, 12491, 02"
12509,C300-BA3,1,1,12509
12509,C300-NA1P,1,1,12509
12509,C300-OAD1P,1,1,12509
12509,C310-C3P,1,1,12509
12509,C310-FT2,1,1,12509
12513,PA30-2701P,1,1,12513
12518,SK203C172P4,1,1,12518
12545,B55-AFP,1,1,12545
12545,B55-C1P,1,1,12545
12545,B55-EP,1,1,12545
12545,B55-FG,1,1,12545
12545,B55-NP1,1,1,12545
12547,C310-C5P,1,1,12547
12559,B35UC40P,1,1,12559
12590,PA30-C2P,1,1,12590
12600,SK203C182P-FW4,1,1,12600
12606,M20-BAT1P,1,1,12606
12606,M20-C6AP,1,1,12606
12616,SK28S3-SET2,30,30,12616
12639,C300-NA2,1,1,12639
12639,C337-C1P,1,1,12639
12666,SK203C182P4,1,1,12666
12671,SK40S5-SET1,53,53,12671
12674,C172C2800P,1,1,12674
12675,SK203C150P-FW4,2,2,"12675, 12675, 02"
12675,SK203C172P-SD4,1,1,"12675, 12675, 02"
12677,C182-C2P,3,3,"12677, 12677, 02"
12677,SK203C172P4,9,9,"12677, 12677, 02"
12720,B55-NC,1,1,12720
12729,M20-C6AP,1,1,12729
12751,SK26S51-SET1,14,14,12751
12752,SK2600FW-SET1,3,3,12752
12752,SK2600SW-SET1,4,4,12752
12770,BM-C2P,1,1,12770
12779,SK203C172P4,1,1,12779
12782,SK203C172PXP-FW4,1,1,12782
12782,SK4P3-T26,1,1,12782
12785,B35LC5100,1,1,12785
12801,SK203C172P4,1,1,12801
12802,C210-C2P,1,1,12802
12805,SK28S3-SET1,1,1,12805
12819,PA30-2702P,1,1,12819
12821,SK203C172P4,1,0,
12853,B35UC40P,1,1,"12853, 12853, 02"
12853,SK203C150P4,1,1,"12853, 12853, 02"
12853,SK203C172P-FW4,1,1,"12853, 12853, 02"
12854,SK203C150P4D,1,1,"12854, 12854, 02, 12854, 03"
12855,B35UC40P,2,2,"12855, 12855, 02, 12855, 03, 12855, 04, 12855, 05"
12855,SK203C172P-RS4,1,1,"12855, 12855, 02, 12855, 03, 12855, 04, 12855, 05"
12858,SK4P3-T26,1,1,12858
12858,SKN4-2S SET,1,1,12858
12858,SKN4-3S SET,1,1,12858
12858,SKN4-4S SET,1,1,12858
12876,C400-BA1P,1,1,12876
12876,C400-NP6P,1,1,12876
12882,SK203C182P4,1,1,12882
12885,SK28S3-SET1,5,5,12885
12924,RV8J-C1P-S,1,1,12924
12933,SK203C150P4,1,1,12933
12941,B35LC5100,1,1,12941
12952,C182-C2P,1,1,12952
12966,PA34-C3P,1,1,12966
12967,SK2600FW-SET1,4,4,12967
12976,RV-OD1,1,1,12976
12983,ZG2600-SET1,1,1,12983
12983,ZG2600-SET2,1,1,12983
12990,SK203C172P-RET,1,1,12990
12992,SK203C150P-SD2,1,1,12992
12994,C172C2800P,1,1,"12994, 12994, 02, 12994, 03, 12994, 04, 12994, 05"
12994,C180-C2P,1,1,"12994, 12994, 02, 12994, 03, 12994, 04, 12994, 05"
12994,RV1014J-C1P,1,1,"12994, 12994, 02, 12994, 03, 12994, 04, 12994, 05"
12995,C150-C1P,3,3,"12995, 12995, 02"
12995,C152-C2P,2,2,"12995, 12995, 02"
12995,SK203C150P4,1,1,"12995, 12995, 02"
12995,SK203C172P4,7,7,"12995, 12995, 02"
12999,SK203C172P4,1,0,
13020,RV1014J-C1P,1,1,13020
13037,SK203C150P4,1,1,13037
13037,SK4P3-T26,1,1,13037
13040,C182-C4P,1,1,13040
13040,SK4P3-T26,1,1,13040
13044,PA30-C2P,1,1,13044
13049,SK28S3-SET2,40,40,13049
13077,KA90-NP2,1,1,13077
13080,RV1014J-C1S-UF,1,1,13080
13080,SK4P3-T26,1,1,13080
13106,C404-C1P,1,1,13106
13111,RV-OD1,1,1,13111
13111,RV8J-C1P-UF,1,1,13111
13125,C152-C2P,2,2,13125
13126,SK203C150P4,1,1,"13126, 13126, 02"
13126,SK203C172P-FW4,3,3,"13126, 13126, 02"
13126,SK203C182P4,1,1,"13126, 13126, 02"
13128,SK203C150P-SD2,2,2,"13128, 13128, 02, 13128, 03, 13128, 04"
13128,SK203C172P-FW4,1,1,"13128, 13128, 02, 13128, 03, 13128, 04"
13128,SK203C182P4,1,1,"13128, 13128, 02, 13128, 03, 13128, 04"
13129,SK4P3-T26,2,2,"13129, 13129, 02"
13150,PK-AN3,1,1,13150
13160,RV8J-C1P,1,1,13160
13183,M20-BP1P,1,1,13183
13188,B35LC28P,1,1,13188
13197,C100-EPD1P,1,1,13197
13197,C182-C3P,1,1,13197
13206,C180-C2P,2,2,13206
13212,PK-AN3A,1,1,13212
13222,RV8J-C1P,1,1,13222
13236,M20-BAT2P,1,1,13236
13243,SKN4-4S SET,17,17,13243
13246,RV1014J-C1P-UF,1,0,
13251,SK28S3-SET1,5,5,13251
13258,SK2600SW-SET1,1,1,"13258, 13258, 02"
13258,SK26S51-SET1,1,1,"13258, 13258, 02"
13258,SK28S3-SET1,1,1,"13258, 13258, 02"
13258,SK40S5-SET1,1,1,"13258, 13258, 02"
13258,ZG28S3-SET1,1,1,"13258, 13258, 02"
13261,BE-KINGAIR 300,1,1,13261
13264,RV679J-C1P-F,1,1,13264
13265,PA44-C1P,2,2,13265
13266,PA44-C1P,2,2,13266
13268,C182-C2,1,1,"13268, 13268, 02"
13268,SK203C172P-RS4,2,2,"13268, 13268, 02"
13268,SK203C182P4,1,1,"13268, 13268, 02"
13269,B35LC27S,1,1,"13269, 13269, 02, 13269, 03, 13269, 04, 13269, 05"
13269,C150C2800P,1,1,"13269, 13269, 02, 13269, 03, 13269, 04, 13269, 05"
13269,C205-C1P,1,1,"13269, 13269, 02, 13269, 03, 13269, 04, 13269, 05"
13269,SK203C150P4,1,1,"13269, 13269, 02, 13269, 03, 13269, 04, 13269, 05"
13269,SK203C172P-FW4,1,1,"13269, 13269, 02, 13269, 03, 13269, 04, 13269, 05"
13273,PA34-C2P,1,1,13273
13276,SKN4-3S SET,5,5,13276
13276,SKN4-4S SET,3,3,13276
13302,SK28S3-SET1,88,88,13302
13307,C100-EAD4,1,1,13307
13307,SK203C172P4,1,1,13307
13307,SK4002-TS1,1,1,13307
13334,RV8J-C1P-U,1,1,13334
13334,SK4P3-T26,1,1,13334
13337,PA34-C3P,1,1,13337
13337,PA34-OPTIONS-1P,1,1,13337
13338,RV-OD2,1,0,
13338,RV1014J-C1P,1,0,
13348,KA90-NP1,1,1,13348
13351,C-150/152,1,1,13351
13351,C150-FTLR,1,1,13351
13351,C152-C2P,1,1,13351
13365,PA30-2701P,1,1,13365
13365,PA30-2702P,1,1,13365
13381,SKN4-4S SET,20,20,13381
13383,RV1014J-C1P,1,1,13383
13386,SK28S3-SET1,22,22,13386
13388,SK203C150P4D,1,0,
13399,SK28S3-SET1,6,6,13399
13401,SK26S51-SET1,4,4,13401
13401,SK40S5-SET1,2,2,13401
13411,C172C2800P,1,1,13411
13412,B35LC5100,1,1,"13412, 13412, 02"
13412,B35UC40P,2,2,"13412, 13412, 02"
13413,C150-C1P,2,2,"13413, 13413, 02"
13413,C180-C1P,2,2,"13413, 13413, 02"
13413,RV-OD2,10,10,"13413, 13413, 02"
13413,RV1014J-C1P,1,1,"13413, 13413, 02"
13413,SK203C172P-FW4,1,1,"13413, 13413, 02"
13421,M20-C6AP,1,1,13421
13429,C172C2800P,1,1,13429
13438,C182-C3P,1,1,13438
13439,C152-C1P,1,1,13439
13446,SK203C182P4,1,0,
13459,C100-EPD1P,1,1,13459
13459,C182-C3P,1,1,13459
13460,SK203C172P-FW4,1,1,13460
13476,C172-C1P,1,1,13476
13483,B55-AS1,1,1,13483
13483,B55-BD,1,1,13483
13483,B55-EPD,1,1,13483
13483,B55-NC,1,1,13483
13483,B55-NP1,1,1,13483
13483,B55-RAD,1,1,13483
13487,B55-AS1,1,1,13487
13490,B35LC5080,1,1,13490
13492,PA34-OPTIONS-1P,1,1,13492
13496,RV1014J-C1P-F,1,1,13496
13499,RV1014J-C1P-UF,1,1,13499
13501,RV1014J-C1P-UF,1,0,
13503,RV-OD2,1,1,13503
13503,RV1014J-C1P,1,1,13503
13504,RV1014J-C1P-S,1,1,13504
13529,RV679J-C1P-S,1,1,13529
13531,SK203C182P-FW4,1,1,13531
13537,RV-OD2,1,1,13537
13542,M20-C5P,1,1,13542
13547,SK203C172P4,1,1,"13547, 13547, 02"
13548,SK203C172P-RET,1,1,13548
13550,SK203C177P4,1,1,"13550, 13550, 02"
13551,C182-C4P,3,3,13551
13551,RV1014J-C1P,1,1,13551
13551,RV679J-C1P-UF,1,1,13551
13553,SK203C172P4,1,1,13553
13558,SK203C182P4,1,1,13558
13564,C152-C1P,1,1,13564
13565,RV679J-C1P-UF,1,1,13565
13575,C182-C6P,1,1,13575
13577,SK203C150P4,1,1,13577
13586,SK203C182P4,1,1,13586
13592,PA34-C2P,1,1,13592
13606,RV-OD1,1,1,13606
13606,RV679J-C1P-U,1,1,13606
13606,SK4002-TS2,1,1,13606
13608,C182-C2P,1,1,13608
13642,RV1014-C1P-S,1,1,13642
13645,RV1014J-C1P-UF,1,1,13645
13664,SKN4-3S SET,40,40,13664
13671,SK4P3-T26,1,1,13671
13682,SK203C182P-FW4,1,1,13682
13686,PA23-C2P,1,1,13686
13706,C100-EAD4,4,4,"13706, 13706, 02"
13706,SK203C150P4D,1,1,"13706, 13706, 02"
13708,B35LC5100,1,1,"13708, 13708, 02"
13708,SK203C150P4,2,2,"13708, 13708, 02"
13708,SK4P3-T26,2,2,"13708, 13708, 02"
13715,SK203C150P-FW4,1,1,13715
13721,SK203C172P-FW4,1,1,13721
13721,SK203C172P4,5,5,13721
13721,SK203C177P4,1,1,13721
13721,SK203C182P-FW4,1,1,13721
13721,SK4P3-T26,3,3,13721
13730,KA90-NP1,1,1,13730
13731,SK203C182P4,1,1,13731
13740,RV8J-C1P-F,1,1,13740
13743,SK26S51-SET1,20,20,13743
13775,SK203C182P4,1,1,13775
13782,SK40S5-SET1,4,4,13782
13786,SK4P3-T26,1,1,13786
13841,RV1014J-C1S-UF,1,1,13841
13843,B35LC40P,1,1,"13843, 13843, 02"
13843,C100-EPD1P,2,2,"13843, 13843, 02"
13843,C172-C1P,4,4,"13843, 13843, 02"
13843,RV679J-C1P-F,1,1,"13843, 13843, 02"
13843,SK203C172P4,8,8,"13843, 13843, 02"
13845,C180-C2P,1,1,"13845, 13845, 02, 13845, 03, 13845, 04"
13845,RV-OD1,3,3,"13845, 13845, 02, 13845, 03, 13845, 04"
13845,RV679J-C1P,1,1,"13845, 13845, 02, 13845, 03, 13845, 04"
13845,SK203C172P-XP4,1,1,"13845, 13845, 02, 13845, 03, 13845, 04"
13850,PA600-C1P,1,1,13850
13864,SK203C172P4,1,1,13864
13864,SK4P3-T26,1,1,13864
13880,PA-CHEYENNE,2,2,13880
13888,SK2600-TS1,1,1,13888
13888,ZG28S3-SET1,40,40,13888
13896,C-172/172RG,1,1,13896
13904,SKN4-4S SET,10,10,"13904, 13904, 02"
13918,SK26S51-SET2,4,4,13918
13922,SK203C172P4,1,1,13922
13923,C205-C1P,1,1,13923
13928,B35LC40S,1,1,13928
13937,RV8J-C1P-F,1,1,13937
13939,RV-OD1,1,1,13939
13939,RV4J-C1P,1,1,13939
13939,SK4002-TS2,1,1,13939
13975,SK203C172P4,4,4,"13975, 13975, 02"
13975,SK4P3-T26,2,2,"13975, 13975, 02"
13977,B35UC40P,2,2,"13977, 13977, 02"
13977,RV-OD1,6,6,"13977, 13977, 02"
13977,SK203C150P4,1,1,"13977, 13977, 02"
13978,RV-OD1,3,3,"13978, 13978, 02"
13978,RV679J-C1P,1,1,"13978, 13978, 02"
13993,C150-FT1,1,1,13993
13993,SK203C150P4,1,1,13993
14003,SK4P3-T26,1,1,14003
14005,ZG28S3-SET1,6,6,14005
14006,SK203C172P4,1,1,14006
14016,C172-C1P,1,1,14016
14030,C-210,1,1,14030
14030,C210-C2P,1,1,14030
14030,C210-FT4,1,1,14030
14033,RV679J-C1P-U,1,1,14033
14036,PA23-C2P,1,1,14036
14038,C172-C8P,2,2,14038
14064,B35UC40P,1,1,14064
14064,SK4P3-T26,1,1,14064
14067,SK2600SW-SET1,2,2,14067
14067,SK26S51-SET1,2,2,14067
14067,SK40S5-SET1,1,1,14067
14067,ZG28S3-SET1,2,2,14067
14068,SK26S51-SET2,4,4,14068
14070,PA32-FT3,4,4,14070
14079,SK203C172P4,1,1,14079
14081,SK203C172P4,3,3,14081
14088,C180-C2P,1,1,14088
14092,BE-BONANZA,3,3,14092
14092,C-182/182RG,1,1,14092
14092,PA-140-235,2,2,14092
14103,C-172/172RG,1,1,14103
14106,SK203C150P4,1,1,14106
14123,C180-C2P,1,1,14123
14125,C421-C1P,1,1,14125
14132,C-150/152,1,1,14132
14132,C-172/172RG,2,2,14132
14132,PA-WARRIOR,1,1,14132
14132,SK203C172P4,1,1,14132
14145,SK40S5-SET1,28,28,14145
14147,PA-NAVAJO,1,1,14147
14152,SK40S5-SET1,10,10,14152
14158,C-182/182RG,1,1,14158
14169,RV8J-C1P-F,1,1,14169
14169,SK4002-TS2,1,1,14169
14176,SK203C172P4,1,1,14176
14197,C150C2800P,1,1,14197
14199,B95-AFP,1,1,14199
14210,C182-C2P,1,1,14210
14210,SK4P3-T26,1,1,14210
14210,SKN4-2S SET,1,1,14210
14214,SK203C172P4,1,1,14214
14217,SK28S3-SET2,34,34,14217
14219,C172-C1P,1,1,14219
14235,SK40S5-SET1,4,4,14235
14236,RV1014J-C1P-F,1,1,14236
14236,SK4P3-T26,1,1,14236
14239,SK203C150P4,1,1,14239
14249,C-401/402,1,1,14249
14249,C400-BA1S,1,1,14249
14249,C400-C2P,1,1,14249
14249,C400-NF1,1,1,14249
14249,C400-NP4P,1,1,14249
14251,RV-OD2,1,1,"14251, 14251, 02"
14253,B35LC27S,1,1,"14253, 14253, 02, 14253, 03"
14253,RV-OD2,6,6,"14253, 14253, 02, 14253, 03"
14253,SK203C150P4D,2,2,"14253, 14253, 02, 14253, 03"
14253,SK203C172P-RS4,1,1,"14253, 14253, 02, 14253, 03"
14253,SK203C172PQ4,1,1,"14253, 14253, 02, 14253, 03"
14253,SK203C172PXP-FW4,1,1,"14253, 14253, 02, 14253, 03"
14254,B35LC5100,1,1,"14254, 14254, 02"
14254,B35UC530,1,1,"14254, 14254, 02"
14254,RV-OD2,4,4,"14254, 14254, 02"
14254,RV679J-C1P-UF,2,2,"14254, 14254, 02"
14254,SK203C150P4,1,1,"14254, 14254, 02"
14254,SK203C172P-FW4,3,3,"14254, 14254, 02"
14255,SK203C172P4,1,1,14255
14260,C177-C1P,1,1,14260
14261,SK203C177P4,1,1,14261
14261,SK4P3-T26,1,1,14261
14281,C150C2800P,1,1,14281
14289,SK203C150P4D,1,1,14289
14291,SK28S3-SET1,20,20,14291
14297,SK203C172P4,1,1,14297
14303,M-201/231,1,1,14303
14318,RV1014J-C1P,1,1,14318
14318,RV8J-C1P,1,1,14318
14324,C100-EAD4,2,2,14324
14324,SK4P3-T26,1,1,14324
14331,B35LC5100,3,3,"14331, 14331, 02"
14331,B35UC40P,3,3,"14331, 14331, 02"
14355,SK203C182P4,1,1,14355
14356,RV679J-C1P-UF,1,1,14356
14358,C-182/182RG,1,1,14358
14368,SK203C172P4,1,1,14368
14386,RV679J-C1P,2,2,"14386, 14386, 02, 14386, 03"
14386,SK203C182P4,1,1,"14386, 14386, 02, 14386, 03"
14388,RV-OD2,3,3,"14388, 14388, 02, 14388, 03"
14390,C182-C2P,2,2,14390
14390,C182-C4P,3,3,14390
14390,RV-OD2,10,10,14390
14390,SK203C182P4,1,1,14390
14397,RV-OD1,1,1,14397
14399,SK203C150P4,1,0,
14426,RV1014J-C1P,1,1,14426
14442,C182-C4P,1,1,14442
14463,PA34-C2P,2,2,14463
14468,SK40S5-SET1,10,10,14468
14475,SK203C172PQ4,1,1,14475
14478,RV4J-C1P-UF,1,1,14478
14488,RV8J-C1S-U,1,1,14488
14491,SK203C172P4,2,2,14491
14493,SK203C182P4,1,1,14493
14498,C182-C2P,1,1,"14498, 14498, 02"
14498,RV-OD1,5,5,"14498, 14498, 02"
14498,SK203C172PQ4,1,1,"14498, 14498, 02"
14498,SK203C182P4,1,1,"14498, 14498, 02"
14505,B55-AFP,1,1,"14505, 14505, 02"
14505,C180-C2P,1,1,"14505, 14505, 02"
14505,SK203C172P-XP4,1,1,"14505, 14505, 02"
14505,SK203C182P4,1,1,"14505, 14505, 02"
14526,RV1014J-C1P-F,1,1,14526
14530,C182-C6P,1,1,14530
14542,SK2600FW-SET 2,4,0,
14553,B35LC40P,1,1,14553
14571,RV-OD2,1,1,14571
14571,RV1014J-C1P-UF,1,1,14571
14571,SK4002-TS2,1,1,14571
14571,SK40S5-SET1,8,8,14571
14575,RV1014-C1P-S,1,1,14575
14578,SK28S3-SET2,150,150,14578
14586,RV-OD2,3,3,14586
14592,BE-KINGAIR 300,1,1,"14592, 14592, 02"
14619,KA90-NP2,1,1,14619
14622,PA28-C1P,1,1,14622
14623,RV679J-C1P-UF,1,1,14623
14646,C-182/182RG,1,1,14646
14646,C182-C5,1,1,14646
14646,C182-C5P,1,1,14646
14665,SK203C172P4,5,5,"14665, 14665, 02"
14665,SK203C182P-FW4,1,1,"14665, 14665, 02"
14665,SK4P3-T26,3,3,"14665, 14665, 02"
14701,RV8J-C1P-UF,1,1,14701
14701,SK4P3-T26,1,1,14701
14706,RV8J-C1P-S,1,1,14706
14732,RV-OD2,1,1,14732
14732,RV1014J-C1P,1,1,14732
14745,PA34-C2,1,1,14745
14746,C180-C2P,1,1,14746
14772,RV679J-C1P-UF,1,1,14772
14775,SK4P3-T26,1,1,14775
14777,C182C2800P,1,1,14777
14787,RV-OD2,1,1,14787
14787,RV4-C1P-F,1,1,14787
14787,SK4P3-T26,1,1,14787
14806,SKN4-4S SET,10,10,14806
14831,SK203C172P-FW4,1,1,14831
14831,SK4P3-T26,2,2,14831
14841,SK203C172P-SD4,2,2,"14841, 14841, 02"
14841,SK203C172P4,7,7,"14841, 14841, 02"
14851,C210-C2P,1,1,14851
14873,C-421,1,1,14873
14886,SK203C172P4,1,1,14886
14947,C206-C2P,1,1,14947
14947,C207-C1P,1,1,14947
14964,SK203C172P4,3,3,"14964, 14964, 02"
14965,B35UC40P,1,1,"14965, 14965, 02"
14965,SK203C172P4,3,3,"14965, 14965, 02"
14965,SK203C172PQ4,1,1,"14965, 14965, 02"
14965,SK203C182P4,1,1,"14965, 14965, 02"
14965,SK4P3-T26,2,2,"14965, 14965, 02"
14965-01,SK203C182P4,1,0,
14966,C180-C2P,2,2,"14966, 14966, 02"
14966,RV679J-C1P,1,1,"14966, 14966, 02"
14966,SK203C150P4,1,1,"14966, 14966, 02"
14966,SK203C172P-FW4,2,2,"14966, 14966, 02"
14966,SK203C172P4,5,5,"14966, 14966, 02"
14969,RV8J-C1S,1,1,14969
14990,B35LC2090,1,0,
14997,SK28S3-SET1,10,10,14997
15004,SK203C150P4,1,1,15004
15027,BE-KINGAIR NOSE ALOCS,1,1,15027
15047,RV8J-C1P,1,1,15047
15064,BE-KINGAIR NOSE ALOCS,1,1,15064
15071,SK203C182P4,1,1,15071
15085,SK2018-SET,1,0,15085
15088,SKN4-4S SET,5,5,15088
15089,SK26S51-SET1,9,9,15089
15090,C-206/207,1,1,15090
15090,C205-C1P,1,1,15090
15098,SK203C150P4D,1,1,15098
15098,SK4002-TS2,1,1,15098
15101,C100-EAD4,1,1,15101
15112,C400-BA1P,1,1,15112
15112,C414-C1P,1,1,15112
15124,SK203C172P4,1,1,15124
15128,B35LC40P,1,1,"15128, 15128, 02"
15128,RV-OD2,8,8,"15128, 15128, 02"
15128,SK203C150P4,1,1,"15128, 15128, 02"
15128,SK203C172P-FW4,1,1,"15128, 15128, 02"
15143,SK28S3-SET1,50,50,15143
15148,SK203C182P4,1,1,15148
15171,B35LC5080,2,2,"15171, 15171, 02"
15171,B35LC5100,2,2,"15171, 15171, 02"
15171,B55-RAD,10,10,"15171, 15171, 02"
15180,B55-AS2,1,1,15180
15180,B55-EPD,1,1,15180
15191,PA46-C1P,1,1,15191
15211,RV-OD1,1,1,15211
15211,RV1014J-C1P,1,1,15211
15211,SK4002-TS2,1,1,15211
15215,RV679J-C1P-S,1,1,15215
15223,RV1014J-C1P-U,1,1,15223
15224,SK203C172P4,1,1,15224
15231,B35LC27S,1,1,15231
15232,RV679J-C1P,1,1,15232
15233,BE-TRAVELAIR,1,1,15233
15239,B55-NP1,1,1,15239
15246,SKN4-4S SET,5,5,15246
15257,SK203C172P4,1,1,15257
15262,B35LC40P,1,1,15262
15262,B35UC40P,1,1,15262
15262,SK4P3-T26,1,1,15262
15267,SK26S51-SET1,12,12,15267
15270,SK4P3-T26,1,1,15270
15293,B35LC5080,1,1,15293
15294,B35UC40P,1,1,15294
15302,C180-C1P,1,1,"15302, 15302, 02"
15303,C206-C1,1,1,"15303, 15303, 02"
15304,C182-C3P,1,1,"15304, 15304, 02"
15304,RV-OD1,3,3,"15304, 15304, 02"
15304,RV1014J-C1P,1,1,"15304, 15304, 02"
15304,SK4002-TS2,2,2,"15304, 15304, 02"
15306,RV-OD1,8,8,15306
15306,RV-OD2,10,10,15306
15306,SK203C172P-XP4,1,1,15306
15316,SK2600-TS1,1,1,15316
15316,SK28S3-SET1,45,45,15316
15320,C-172/172RG,2,2,15320
15320,M-201/231,1,1,15320
15320,PA-140-235,1,1,15320
15320,SK203C172P4,1,1,15320
15343,RV-OD2,1,1,15343
15358,B35LC40P,1,1,15358
15375,BE-KINGAIR 90,3,3,15375
15411,SK28S3-SET1,9,9,15411
15423,C180C2800P,1,1,15423
15424,SK28S3-SET1,8,8,15424
15431,B35UC40P,2,2,15431
15431,SK203C182P4,2,2,15431
15432,B35LC27S,2,2,"15432, 15432, 02, 15432, 03"
15432,B35UC530,1,1,"15432, 15432, 02, 15432, 03"
15432,C180-C2P,1,1,"15432, 15432, 02, 15432, 03"
15432,RV-OD2,4,4,"15432, 15432, 02, 15432, 03"
15432,RV679J-C1P,1,1,"15432, 15432, 02, 15432, 03"
15432,SK203C177P4,1,1,"15432, 15432, 02, 15432, 03"
15432,SK203C182P4,1,1,"15432, 15432, 02, 15432, 03"
15432,SK4P3-T26,3,3,"15432, 15432, 02, 15432, 03"
15454,M20-BAT2P,1,1,15454
15454,M20-BP1P,1,1,15454
15462,C172C2800P,1,1,15462
15473,SKN4-4S SET,5,5,15473
15477,RV1014J-C1P-UF,1,1,15477
15480,SK4P3-T26,1,1,15480
15482,B55-C1P,1,1,15482
15482,C172-C1P,2,2,15482
15482,C172-C5P,1,1,15482
15482,C182-C4P,2,2,15482
15482,SK203C172P-XP4,1,1,15482
15488,SK4P3-T26,1,1,15488
15492,C100-EPD1P,1,1,15492
15492,C182-C3P,1,1,15492
15526,ZG28S3-SET2,4,4,15526
15530,M20-C7P,1,1,15530
15538,SK28S3-SET1,2,2,15538
15543,SK2600FW-SET 2,2,2,"15543, 15543, 02"
15543,ZG2600W-SET2,4,4,"15543, 15543, 02"
15543,ZG28S3-SET2,5,5,"15543, 15543, 02"
15573,PA30-2701P,1,1,15573
15589,RV8-C1P-UF,1,1,15589
15593,C400-C1P,2,2,15593
15608,SK4P3-T26,1,1,15608
15613,SK203C172PQ4,1,1,15613
15614,RV679J-C1P-UF,1,1,15614
15614,SK4P3-T26,1,1,15614
15632,RV8J-C1P,1,1,15632
15643,B55-NP1,1,1,15643
15649,SK203C150P4D,1,1,15649
15653,PA-MALIBU,1,1,15653
15666,RV1014J-C1P-U,1,1,15666
15666,SK4P3-T26,1,1,15666
15670,SK4P3-T26,1,1,15670
15682,BE-KINGAIR AFT FUSELAGE,2,2,15682
15682,BE-KINGAIR ENGINE COWL,1,1,15682
15682,BE-KINGAIR NOSE ALOCS,2,2,15682
15688,M20-BAT1S,1,1,15688
15692,RV-OD1,1,1,15692
15695,SK203C182P4,1,1,15695
15695,SK4P3-T26,1,1,15695
15702,RV-OD1,1,1,15702
15704,SK203C172P4,1,0,
15708,SK2600FW-SET1,1,1,15708
15711,SK2600SW-SET1,2,2,15711
15712,RV1014J-C1P-UF,1,1,15712
15712,SK4P3-T26,1,1,15712
15725,SK203C150P4D,1,1,15725
15725,SK4P3-T26,1,1,15725
15744,SK26S51-SET1,4,4,15744
15751,SKN4-4S SET,5,5,15751
15752,C-172/172RG,1,1,15752
15763,B35LC2090,1,1,"15763, 15763, 02"
15764,C205-C1P,1,1,"15764, 15764, 02, 15764, 03"
15764,RV1014J-C1P,1,1,"15764, 15764, 02, 15764, 03"
15764,RV679J-C1P-UF,1,1,"15764, 15764, 02, 15764, 03"
15764,SK203C172P4,8,8,"15764, 15764, 02, 15764, 03"
15766,C100-AF1,1,1,15766
15766,C100-EAD4,1,1,15766
15766,C100-EPD1P,1,1,15766
15766,C180-C2P,1,1,15766
15781,SK4002-TS1,1,1,15781
15795,SK203C172P4,1,0,
15812,SKN4-3S SET,1,1,15812
15812,SKN4-4S SET,1,1,15812
15838,C172C2800P,1,1,15838
15853,SK40S5-SET1,3,3,15853
15871,SK28S3-SET1,33,33,15871
15872,SK203C182P4,1,1,15872
15879,C340-C1P,1,1,15879
15886,M20-C5P,1,1,15886
15891,SKN4-4S SET,10,10,15891
15892,B55-C1P,1,1,15892
15892,B55-NC,1,1,15892
15892,B55-NP1,1,1,15892
15901,C172-C1P,1,1,15901
15910,B35UC530,1,1,"15910, 15910, 02, 15910, 03"
15910,SK203C172P-SD4,2,2,"15910, 15910, 02, 15910, 03"
15911,B35UC530,1,1,15911
15911,C180-C1P,1,1,15911
15930,C180-C1P,1,1,15930
15935,C-182/182RG,1,1,15935
15938,M20-C3P,1,1,15938
15967,C340-C1P,1,1,15967
15976,SK26S51-SET1,4,4,15976
15983,C205-C1P,1,1,15983
16020,B35UC530,2,2,"16020, 16020, 02"
16020,C150C2800P,1,1,"16020, 16020, 02"
16020,C172C2800P,1,1,"16020, 16020, 02"
16020,C182-C4P,2,2,"16020, 16020, 02"
16020,M20-C2P,1,1,"16020, 16020, 02"
16020,SK203C150P4,1,1,"16020, 16020, 02"
16022,C172-C1P,3,3,"16022, 16022, 02, 16022, 03"
16022,C182-C2P,3,3,"16022, 16022, 02, 16022, 03"
16022,C205-C1P,1,1,"16022, 16022, 02, 16022, 03"
16022,M20-C5P,1,1,"16022, 16022, 02, 16022, 03"
16022,SK203C150P4,1,1,"16022, 16022, 02, 16022, 03"
16022,SK203C182P-FW4,1,1,"16022, 16022, 02, 16022, 03"
16022,SK203C182P4,1,1,"16022, 16022, 02, 16022, 03"
16041,C182-C4P,1,1,16041
16064,M20-C5P,1,1,16064
16064,SK4P3-T26,1,1,16064
16080,SK28S3-SET2,3,3,16080
16107,C172-C1,1,1,16107
16125,B35LC5100,1,1,16125
16128,RV8J-C1P,1,1,16128
16137,PA-T COMANCHE,1,1,16137
16137,PA30-C2P,1,1,16137
16139,SK203C172P4,1,1,16139
16153,C-335/340,1,1,16153
16153,C340-C1P,1,1,16153
16164,B35UC40P,1,1,16164
16192,RV679J-C1P-S,1,1,16192
16196,SK28S3-SET1,4,4,16196
16201,C172C2800P,1,1,16201
16201,RV-OD2,4,4,16201
16201,SK4P3-T26,3,3,16201
16202,C172-C1P,2,2,16202
16202,SK203C150P4D,1,1,16202
16202,SK4P3-T26,3,3,16202
16203,RV1014J-C1P,1,1,"16203, 16203, 02, 16203, 03"
16203,SK203C172P-FW4,1,1,"16203, 16203, 02, 16203, 03"
16203,SK203C172P-XP4,1,1,"16203, 16203, 02, 16203, 03"
16208,SK4P3-T26,1,1,16208
16229,RV1014J-C1P,1,1,16229
16229,SK203C150P-SD2,1,1,16229
16229,SK203C182P4,1,1,16229
16229,SK4P3-T26,4,4,16229
16232,C152-C2P,2,2,"16232, 16232, 02"
16232,C172C2800P,1,1,"16232, 16232, 02"
16239,C172-C4P,1,1,16239
16251,RV8J-C1P-UF,1,1,16251
16285,C172C2800P,1,1,16285
16296,SK2600FW-SET1,3,3,16296
16299,SK203C172P4,1,1,16299
16301,C100-EAD4,1,1,16301
16305,SK203C172P4,1,1,16305
16305,SK4P3-T26,1,1,16305
16322,C172C2800P,1,1,16322
16322,SK203C150P4,1,1,16322
16330,SK203C172P4,1,1,16330
16341,B55-C1P,1,1,16341
16345,SK203C172P4,1,1,16345
16355,RV679J-C1P-U,1,1,16355
16355,SK4P3-T26,1,1,16355
16361,SK203C172P4,1,1,16361
16373,SK203C172P4,1,1,16373
16373,SK4P3-T26,1,1,16373
16377,SK40S5-SET1,10,10,16377
16381,SK203C172P4,1,1,16381
16383,PA34-C3P,1,1,16383
16386,C180-C2P,1,1,16386
16470,PA23-C4P,1,1,16470
16474,RV1014J-C1P-UF,1,1,16474
16482,SK26S51-SET1,4,4,16482
16486,C180-C1P,1,1,16486
16487,SK203C172P4,4,4,"16487, 16487, 02"
16488,C180-C2P,2,2,"16488, 16488, 02, 16488, 03"
16488,SK203C172P-FW4,1,1,"16488, 16488, 02, 16488, 03"
16488,SK203C172P4,5,5,"16488, 16488, 02, 16488, 03"
16489,C182-C4P,1,1,"16489, 16489, 02"
16489,RV-OD2,4,4,"16489, 16489, 02"
16489,SK203C172P4,3,3,"16489, 16489, 02"
16499,C100-EAD4,1,1,16499
16499,C100-EPD1P,1,1,16499
16514,B55-C2P,2,2,16514
16519,SK4P3-T26,1,1,16519
16544,RV1014J-C1P-UF,1,1,16544
16544,SK4P3-T26,1,1,16544
16570,SK203C182P4,1,1,16570
16572,RV-OD2,1,1,16572
16579,SK203C172P4,1,1,16579
16590,SK28S3-SET1,1,1,16590
16599,SK203C172P-SD4,2,2,"16599, 16599, 02"
16599,SK203C172P4,6,6,"16599, 16599, 02"
16599,SK203C182P4,1,1,"16599, 16599, 02"
16600,B35LC5100,1,1,"16600, 16600, 02"
16600,C152-C2P,2,2,"16600, 16600, 02"
16600,RV-OD1,5,5,"16600, 16600, 02"
16600,SK203C150P4,1,1,"16600, 16600, 02"
16600,SK203C182P4,2,2,"16600, 16600, 02"
16602,SK203C172P4,1,1,16602
16604,SK203C150P4D,1,1,16604
16636,M20-BP1P,1,1,16636
16637,B55-C1P,1,1,16637
16640,C-210,1,1,16640
16640,C210-C1P,1,1,16640
16644,SK28S3-SET1,20,20,16644
16680,SK203C150P4,1,1,16680
16682,SK26S51-SET1,20,20,16682
16686,C177-C1P,1,1,16686
16703,ZG28S3-SET1,8,8,16703
16717,RV1014J-C1P-UF,2,2,16717
16717,SK4P3-T26,1,1,16717
16722,RV-OD2,1,1,16722
16743,BM-C2P,1,1,16743
16745,C180-C2P,1,1,"16745, 16745, 02"
16748,B35LC2090,1,1,"16748, 16748, 02"
16748,C205-C1P,1,1,"16748, 16748, 02"
16748,M20-C5P,1,1,"16748, 16748, 02"
16748,RV-OD1,4,4,"16748, 16748, 02"
16753,C180-C1P,2,2,"16753, 16753, 02"
16753,RV679J-C1P,1,1,"16753, 16753, 02"
16753,SK203C172P4,6,6,"16753, 16753, 02"
16753,SK203C182P4,1,1,"16753, 16753, 02"
16763,RV-OD1,2,2,16763
16767,C182C2800P,1,1,16767
16776,SK203C150P4D,1,1,16776
16784,M20-C6P,1,1,16784
16790,SK4P3-T26,1,1,16790
16800,C182C2800P,1,1,16800
16809,C-150/152,1,1,16809
16809,SK203C150P4D,1,1,16809
16827,SK203C150P4D,1,1,16827
16867,C-310-2,1,1,"16867, 16867, 02"
16867,C-335/340,1,1,"16867, 16867, 02"
16867,C300-BA3,1,1,"16867, 16867, 02"
16867,C300-NA4P,1,1,"16867, 16867, 02"
16867,C310-C5P,1,1,"16867, 16867, 02"
16867,C340-C1P,1,1,"16867, 16867, 02"
16902,C172-C1P,3,3,"16902, 16902, 02"
16902,SK203C150P4,1,1,"16902, 16902, 02"
16902,SK203C172P4,8,8,"16902, 16902, 02"
16902,SK203C177P4,1,1,"16902, 16902, 02"
16902,SK4P3-T26,2,2,"16902, 16902, 02"
16907,C152-C2P,1,1,"16907, 16907, 02"
16907,SK203C150P4D,2,0,"16907, 16907, 02"
16924,C414-C2P,1,1,16924
16940,SK203C150P4D,1,1,16940
16947,PA34-C2P,1,1,16947
16950,RV1014J-C1P,1,1,16950
16956,SK4P3-T26,1,1,16956
16963,PA-140-235,2,2,16963
16963,PA-CHEROKEE SIX,1,1,16963
16965,B35UC530,1,1,16965
16982,C100-EPD1P,1,1,16982
16982,C182-C2P,1,1,16982
16985,C177-C1P,1,1,16985
16989,SK203C150P-SD2,1,1,16989
17007,C182-C4P,1,1,17007
17010,SKN4-4S SET,5,5,17010
17016,SK203C150P4,1,1,17016
17021,M20-BAT2P,1,1,17021
17021,M20-C6P,1,1,17021
17027,SKN4-3S SET,2,2,17027
17027,SKN4-4S SET,2,2,17027
17028,C-150/152,1,1,17028
17028,C-172/172RG,3,3,17028
17028,C-310-2,1,1,17028
17028,C-335/340,1,1,17028
17032,KA90-AP1,1,1,17032
17040,SK203C172P4,1,1,17040
17040,SK4P3-T26,1,1,17040
17046,KA90-NP2,1,1,17046
17050,C172-C8P,1,1,17050
17050,C182-C7P,1,1,17050
17054,SK40S5-SET1,10,10,17054
17063,C172-C1,1,1,17063
17068,ZG28S3-SET1,16,16,17068
17077,SK28S3-SET1,1,1,17077
17077,ZG28S3-SET2,1,1,17077
17086,SK203C182P-FW4,1,1,17086
17090,BE-BONANZA,1,1,17090
17099,SK28S3-SET1,20,20,17099
17111,C206-C1P,1,1,17111
17147,SK203C172P4,1,1,17147
17147,SK4002-TS2,1,1,17147
17168,RV8J-C1S-UF,1,1,17168
17171,C152-C2P,2,2,"17171, 17171, 02, 17171, 03"
17171,SK203C172P-RS4,1,1,"17171, 17171, 02, 17171, 03"
17171,SK4P3-T26,2,2,"17171, 17171, 02, 17171, 03"
17172,SK203C182P-FW4,1,1,"17172, 17172, 02"
17173,RV-OD1,3,3,"17173, 17173, 02, 17173, 03"
17173,RV679J-C1P,1,1,"17173, 17173, 02, 17173, 03"
17173,SK203C172P4,6,6,"17173, 17173, 02, 17173, 03"
17173,SK4P3-T26,3,3,"17173, 17173, 02, 17173, 03"
17179,SK203C172P4,1,1,17179
17179,SK4P3-T26,1,1,17179
17186,AC500-C4P,1,1,17186
17187,SK203C172P4,1,1,17187
17191,SK2600-TS1,1,1,17191
17191,ZG28S3-SET1,8,8,17191
17229,SK4P3-T26,1,1,17229
17250,KA90-NP1,1,1,17250
17254,SK203C150P4,1,1,17254
17258,SK203C172P4,1,0,
17259,C400-C1P,1,1,17259
17262,SK40S5-SET1,9,9,17262
17273,C400-C1P,1,1,17273
17273,C400-NP3P,1,1,17273
17302,C210-C2P,1,1,17302
17310,PA-NP3P,1,1,17310
17343,RV1014J-C1P-F,1,1,17343
17344,RV679J-C1P,1,1,17344
17344,SK4P3-T26,1,1,17344
17362,M20-C3P,1,1,17362
17365,C180-C2P,1,1,"17365, 17365, 02"
17367,RV679J-C1P-S,1,0,17367
17383,SK203C172P4,1,1,17383
17383,SK4002-TS2,1,1,17383
17397,C177-C1P,1,1,17397
17408,SK203C172P4,3,3,"17408, 17408, 02"
17410,C172-C1P,1,1,"17410, 17410, 02"
17410,SK203C172P-RS4,1,1,"17410, 17410, 02"
17410,SK203C177P4,1,1,"17410, 17410, 02"
17434,SK203C172P4,1,1,17434
17444,SK203C172P4,1,1,"17444, 17444, 02"
17445,M20-C5P,1,1,17445
17446,B35LC2090,1,1,"17446, 17446, 02"
17446,B35UC40P,2,2,"17446, 17446, 02"
17446,B55-C1P,1,1,"17446, 17446, 02"
17446,C172C2800P,1,1,"17446, 17446, 02"
17446,SK203C172PQ4,1,1,"17446, 17446, 02"
17446,SK203C172PXP-FW4,1,1,"17446, 17446, 02"
17456,SK203C172PQ4,1,1,17456
17461,RV-OD1,1,1,17461
17461,RV8J-C1P,1,1,17461
17461,SK4002-TS2,1,1,17461
17476,B35LC28P,1,1,17476
17487,SK26S51-SET1,24,24,17487
17488,C180C2800P,1,1,17488
17494,RV679J-C1P-U,1,1,17494
17500,C205-C1P,1,1,17500
17505,SK4P3-T26,1,1,17505
17507,B55-C1P,1,1,17507
17519,RV1014J-C1P,1,1,17519
17542,SK4P3-T26,1,1,17542
17550,RV4-C1P-S,1,1,17550
17572,SK2600RS-SET1,25,25,17572
17575,C206-C2P,1,1,17575
17586,SK203C172P4,1,1,17586
17590,RV-OD2,1,1,17590
17590,RV8J-C1P,1,1,17590
17590,SK4002-TS2,1,1,17590
17604,SK203C172P-SD4,1,1,17604
17611,RV-OD2,5,0,17611
17611,SK4P3-T26,3,0,17611
17612,SK203C182P4,1,1,"17612, 17612, 02"
17613,C180-C2P,2,2,17613
17613,C182-C4P,2,2,17613
17613,RV-OD2,9,0,17613
17613,SK203C172P-FW4,1,0,17613
17614,C182-C4P,1,1,17614
17619,SK203C172P4,1,1,17619
17620,SK203C172P4,1,1,17620
17623,SK203C172PQ4,1,1,17623
17628,M20-BAT1P,1,1,17628
17628,M20-BP1P,1,1,17628
17628,M20-C6AP,1,1,17628
17634,SK203C172P4,1,1,17634
17635,KA90-NP1,2,2,17635
17640,RV8J-C1P,1,1,17640
17650,C172-C4P,1,1,17650
17653,SK203C172P4,1,1,17653
17657,SK203C172P4,1,1,17657
17659,SK203C172P4,1,1,"17659, 17659, 02"
17673,SK203C172P4,1,1,"17673, 17673, 02"
17674,RV-OD2,9,0,17674
17675,C150-C1,1,1,17675
17675,C172C2800P,1,0,17675
17675,RV-OD2,6,0,17675
17675,SK203C150P-FW4,1,0,17675
17675,SK203C172P-FW4,2,0,17675
17683,C208-C1P,1,1,17683
17684,B35LC28P,1,0,
17685,SK28S3-SET1,60,0,
17696,RV8J-C1P-UF,1,1,17696
17696,SK4P3-T26,1,1,17696
17722,RV8J-C1P-F,1,1,17722
17722,SK4P3-T26,1,1,17722
17724,RV8J-C1S-F,1,1,17724
17730,RV1014J-C1S-UF,1,1,17730
17737,RV8J-C1P,1,0,
17747,SK203C172PQ4,1,1,"17747, 17747, 02"
17752,RV-OD2,1,1,17752
17752,RV679J-C1P-UF,1,1,17752
17752,SK4P3-T26,1,1,17752
17756,RV-OD1,3,0,17756
17756,RV-OD2,2,2,17756
17758,SK203C172P4,1,1,17758
17772,RV679-C1P-UF,1,1,17772
17781,SK203C172PQ4,1,1,17781
17781,SK4P3-T26,1,1,17781
17786,C-172/172RG,1,1,17786
17786,PA-140-235,1,1,17786
17786,PA-WARRIOR,1,1,17786
17788,RV679-C1P,1,1,17788
17797,M20-BAT1P,1,1,"17797, 17797, 02"
17797,M20-C5P,1,1,"17797, 17797, 02"
17802,C182-C6,1,1,17802
17803,SK203C172P4,2,2,"17803, 17803, 02"
17805,B55-C1,1,0,
17805,B55-EP,1,0,
17805,B55-NP1,1,0,
17806,SK28S3-SET1,4,4,17806
17811,RV679J-C1P-F,1,1,17811
17818,SK203C172P4,1,1,17818
17825,SK203C172P4,4,4,"17825, 17825, 02"
17826,C180-C1P,2,2,"17826, 17826, 02"
17826,RV-OD1,5,0,"17826, 17826, 02"
17826,SK203C177P4,2,2,"17826, 17826, 02"
17826,SK4P3-T26,4,4,"17826, 17826, 02"
17827,B35UC40P,1,1,"17827, 17827, 02"
17827,C172-C1P,2,2,"17827, 17827, 02"
17827,SK203C172PQ4,1,1,"17827, 17827, 02"
17827,SK4P3-T26,3,3,"17827, 17827, 02"
17834,PA-CHEYENNE,2,2,17834
17841,C182-C5P,1,1,17841
17850,B35LC27S,1,0,17850
17850,B35LC5080,1,1,17850
17850,C150-C1P,4,4,17850
17850,C172-C1P,6,6,17850
17850,PA28-C1P,1,1,17850
17850,SK4002-TS2,2,2,17850
17851,SK203C172P4,1,1,17851
17866,RV4J-C1P-UF,1,1,17866
17910,BE-BARON55,1,1,17910
17912,SK203C172P4,1,1,17912
17913,SK4P3-T26,1,1,"17913, 17913, 02"
17949,RV-OD1,1,0,
17949,RV1014J-C1P-UF,1,0,
17949,SK4P3-T26,1,0,
17966,B35LC40P,1,1,"17966, 17966, 02"
17966,SK4P3-T26,1,1,"17966, 17966, 02"
17973,BE-BONANZA,1,1,17973
17977,C152-C1P,1,1,17977
17981,C182-C4P,3,3,17981
17981,C210-C1P,1,1,17981
17981,RV1014J-C1P,1,0,17981
17981,SK203C172P-FW4,1,1,17981
17982,C172-C1P,3,0,17982
17982,C172C2800P,1,0,17982
17982,PA44-C1P,1,1,17982
17982,RV1014J-C1P,1,0,17982
17982,RV679J-C1P,1,0,17982
17982,SK203C172P4,7,0,17982
17982,SK203C182P-FW4,1,1,17982
17982,SK4002-TS2,2,0,17982
17982,SK4P3-T26,3,3,17982
17991,B35LC2090,1,1,17991
17991,B35UC530,1,1,17991
18052,SK203C172P4,1,1,18052
18057,M20-BAT1P,1,0,18057
18057,M20-C2P,1,1,18057
18059,RV679J-C1P,1,0,
18066,PA44-C1,1,1,18066
18080,SK203C172P4,2,2,18080
18087,C205-C1P,1,1,18087
18087,C210-C1P,1,1,18087
18088,B35LC40P,1,0,
18088,B35UC40P,1,0,
18103,C205-C1P,1,1,18103
18106,B35LC28P,1,0,
18106,B35UC40P,1,0,
18112,SK203C172P4,1,1,18112
18118,SK203C172P4,1,1,18118
18118,SK4002-TS2,1,1,18118
18119,SKN4-4S SET,5,5,18119
18121,RV679J-C1P-U,1,0,
18123,C180-C1P,1,1,18123
18123,C180-C2P,1,1,18123
18124,RV-OD1,2,0,18124
18124,SK203C177P4,1,1,18124
18126,RV679J-C1P,1,0,18126
18126,SK203C172P-FW4,1,1,18126
18127,RV679J-C1P-UF,2,0,18127
18127,SK203C172P4,3,3,18127
18142,C152-C1,1,1,18142
18144,RV1014J-C1P-U,1,0,
18144,SK4P3-T26,1,0,
18186,ZG2600-SET1,20,0,
18188,SK203C172P4,1,1,18188
18188,SK4002-TS2,1,1,18188
18190,C172-C1P,2,0,18190
18190,SK203C150P4,1,0,18190
18190,SK4P3-T26,3,3,18190
18191,B35LC40P,1,0,18191
18191,SK203C150P4,1,0,18191
18191,SK203C172P-SD4,2,2,18191
18197,C180-C2P,1,1,18197
18236,C172-C1P,1,0,
18238,SK4P3-T26,1,1,18238
18240,RV1014J-C1P-UF,1,0,
18247,RV1014J-C1P-UF,1,0,
18248,RV1014J-C1P-F,1,0,
18248,SK4P3-T26,1,0,
9811,SK203C172P4,1,1,9811
